communicationType,communicationSubType,model,variant,alternateModelName,url,activeFlag,Updated URL
SMS,vehicleBrochure,DZIRE,Non Tour,NEW SWIFT DZIRE,https://marutistoragenew.blob.core.windows.net/msilintiwebpdf/Dzire_6_Pages_Vertical_Web_Brochure_Updated_with_S_CNG.pdf,TRUE,https://marutistoragenew.blob.core.windows.net/msilintiwebpdf/Dzire_6_Pages_Vertical_Web_Brochure_Updated_with_S_CNG.pdf
SMS,vehicleBrochure,DZIRE,Non Tour,SMG DZIRE,https://marutistoragenew.blob.core.windows.net/msilintiwebpdf/Dzire_6_Pages_Vertical_Web_Brochure_Updated_with_S_CNG.pdf,TRUE,https://marutistoragenew.blob.core.windows.net/msilintiwebpdf/Dzire_6_Pages_Vertical_Web_Brochure_Updated_with_S_CNG.pdf
SMS,vehicleBrochure,S-PRESSO,Non Tour,,https://marutistoragenew.blob.core.windows.net/msilintiwebpdf/Spresso_6_pager_brochure_Red_car_A4_23_New_2023_Digital.pdf,TRUE,https://www.marutisuzuki.com/content/dam/msil/arena/in/en/assets/cars/s-presso/documents/S-presso-Brochure.pdf
SMS,vehicleBrochure,NEW ERTIGA,Non Tour,ERTIGA,https://marutistoragenew.blob.core.windows.net/msilintiwebpdf/Ertiga_6_page_brochure.pdf\r\n,TRUE,https://www.marutisuzuki.com/content/dam/msil/arena/in/en/assets/cars/ertiga/document/Arena-Ertiga-Brochure.pdf
SMS,vehicleBrochure,NEW ALTO K10,Tour,,https://static.marutisuzukicommercial.com/-/media/msilcommercial/images/tourh1/document/tourh1_leaflet.pdf?_gl=1*mdc6qg*_ga*MTk2MDQ3MTUyNC4xNjk1MzYyMzgz*_ga_M8CBMSMWSG*MTcxNDc0Mzk0Ni43LjEuMTcxNDc0NDA4OC4zMi4wLjA.,TRUE,https://az-ci-afde-prd-arena-03-efddeyfchzf9akbb.z01.azurefd.net/msilintiwebpdfcopyfromdefault/Brochure_Tour_H1_Commercial.pdf
SMS,vehicleBrochure,NEW ALTO K10,Non Tour,ALTO K10,https://marutistoragenew.blob.core.windows.net/msilintiwebpdf/Alto_Brochure_and_Spec_Sheet_286x200MM_Digital_CS_5.pdf,TRUE,https://www.marutisuzuki.com/content/dam/msil/arena/in/en/assets/cars/alto-k10/documents/AltoK10-KV-Brochure.pdf
SMS,vehicleBrochure,ALTO 800,Tour,,NA,TRUE,
SMS,vehicleBrochure,NEW ERTIGA,Tour,ERTIGA,https://static.marutisuzukicommercial.com/-/media/msilcommercial/images/tour-m/document/tourm_leaflet.pdf?_gl=1*wd3det*_ga*MTk2MDQ3MTUyNC4xNjk1MzYyMzgz*_ga_M8CBMSMWSG*MTcxNDc0Mzk0Ni43LjEuMTcxNDc0NDE0MC41OC4wLjA.,TRUE,https://az-ci-afde-prd-arena-03-efddeyfchzf9akbb.z01.azurefd.net/msilintiwebpdfcopyfromdefault/Arena-Tour-M-Leaflet.pdf
SMS,vehicleBrochure,VITARA BREZZA,Non Tour,NEW BREZZA,https://marutistoragenew.blob.core.windows.net/msilintiwebpdf/9299_S_Brezza_6_Page_CNG_Brochure.pdf,TRUE,
SMS,vehicleBrochure,VITARA BREZZA,Tour,NEW BREZZA,https://www.marutisuzuki.com/brezza.html,TRUE,
SMS,vehicleBrochure,EECO,Non Tour,,https://marutistoragenew.blob.core.windows.net/msilintiwebpdf/Eeco-Passenger-BRAND-Leaflet.pdf,TRUE,
SMS,vehicleBrochure,EECO,Tour,,https://static.marutisuzukicommercial.com/-/media/msilcommercial/images/tourv/document/tourv_updated.pdf?_gl=1*mljghh*_ga*MTk2MDQ3MTUyNC4xNjk1MzYyMzgz*_ga_M8CBMSMWSG*MTcxNDc0Mzk0Ni43LjEuMTcxNDc0NDE4NS4xMy4wLjA.,TRUE,https://az-ci-afde-prd-arena-03-efddeyfchzf9akbb.z01.azurefd.net/msilintiwebpdfcopyfromdefault/EECO_TOUR_V_Arena_Updated_20_11_25.pdf
SMS,vehicleBrochure,EECO,Cargo,,https://static.marutisuzukicommercial.com/-/media/msilcommercial/images/eeco-cargo/document/eecocargo_leaflet.pdf?_gl=1*r8781u*_ga*MTk2MDQ3MTUyNC4xNjk1MzYyMzgz*_ga_M8CBMSMWSG*MTcxNDc0Mzk0Ni43LjEuMTcxNDc0NDA2MC42MC4wLjA.,TRUE,
SMS,vehicleBrochure,FRONX,Non Tour,,https://nexaprod6.azureedge.net/-/media/feature/nexawebsitecarbrand/flash/fronx-brochure.pdf,TRUE,https://www.nexaexperience.com/pdf-viewer?pdf=%2Fcontent%2Fdam%2Fmsil%2Fnexa%2Fin%2Fen%2Fassets%2Fcars%2Ffronx%2Fdocuments%2FNEXA-Fronx-Brochure.pdf
SMS,vehicleBrochure,ALTO 800,Non Tour,,NA,TRUE,
SMS,vehicleBrochure,WAGONR,Non Tour,NEW WAGON-R,https://marutistoragenew.blob.core.windows.net/msilintiwebpdf/WagonR_MMC_Brochure_Artwork_(11.75X8.25)_Final_R_09_april_24.pdf,TRUE,
SMS,vehicleBrochure,DZIRE,Tour,SMG DZIRE,https://static.marutisuzukicommercial.com/-/media/msilcommercial/images/tours/document/dzire-tour-s---commercial-leaflet_digital.pdf?_gl=1*113vm3b*_ga*MjA1NDIyNDg0NS4xNzAxMTU1ODM5*_ga_M8CBMSMWSG*MTcxNTY4NTA1My4xMi4xLjE3MTU2ODUwNzcuMzYuMC4w,TRUE,https://static.marutisuzukicommercial.com/-/media/msilcommercial/images/tours/document/dzire-tour-s---commercial-leaflet_digital.pdf?_gl=1*113vm3b*_ga*MjA1NDIyNDg0NS4xNzAxMTU1ODM5*_ga_M8CBMSMWSG*MTcxNTY4NTA1My4xMi4xLjE3MTU2ODUwNzcuMzYuMC4w
SMS,vehicleBrochure,NEW SWIFT DZIRE,Tour,,https://static.marutisuzukicommercial.com/-/media/msilcommercial/images/tours/document/dzire-tour-s---commercial-leaflet_digital.pdf?_gl=1*113vm3b*_ga*MjA1NDIyNDg0NS4xNzAxMTU1ODM5*_ga_M8CBMSMWSG*MTcxNTY4NTA1My4xMi4xLjE3MTU2ODUwNzcuMzYuMC4w,TRUE,https://static.marutisuzukicommercial.com/-/media/msilcommercial/images/tours/document/dzire-tour-s---commercial-leaflet_digital.pdf?_gl=1*113vm3b*_ga*MjA1NDIyNDg0NS4xNzAxMTU1ODM5*_ga_M8CBMSMWSG*MTcxNTY4NTA1My4xMi4xLjE3MTU2ODUwNzcuMzYuMC4w
SMS,vehicleBrochure,WAGONR,Tour,TOUR H3,https://static.marutisuzukicommercial.com/-/media/msilcommercial/images/tourh3/document/tourh3_leaflet.pdf?_gl=1*mjfzdl*_ga*MTk2MDQ3MTUyNC4xNjk1MzYyMzgz*_ga_M8CBMSMWSG*MTcxNDc0Mzk0Ni43LjEuMTcxNDc0NDEwNy4xMy4wLjA.,TRUE,https://az-ci-afde-prd-arena-03-efddeyfchzf9akbb.z01.azurefd.net/msilintiwebpdfcopyfromdefault/27112025WagonR_Tour_H3_Leaflet_A4.pdf
SMS,vehicleBrochure,CELERIO,Non Tour,NEW CELERIO,https://marutistoragenew.blob.core.windows.net/msilintiwebpdf/15_Page_Brochure_Celerio_Digital.pdf,TRUE,https://www.marutisuzuki.com/content/dam/msil/arena/in/en/assets/cars/celerio/documents/Arena-Celerio-Brochure.pdf
SMS,vehicleBrochure,CELERIO,Tour,,NA,TRUE,
SMS,vehicleBrochure,SWIFT,Non Tour,NEW SWIFT,https://marutistoragenew.blob.core.windows.net/msilintiwebpdf/EpicNewSwift_Brochure_Vertical.pdf,TRUE,
SMS,vehicleBrochure,SWIFT,Tour,NEW SWIFT,https://marutistoragenew.blob.core.windows.net/msilintiwebpdf/Swfit_Brand_Brochure.pdf,TRUE,
SMS,vehicleBrochure,DZIRE,Non Tour,SWIFT DZIRE,https://marutistoragenew.blob.core.windows.net/msilintiwebpdf/Dzire_6_Pages_Vertical_Web_Brochure_Updated_with_S_CNG.pdf,TRUE,https://marutistoragenew.blob.core.windows.net/msilintiwebpdf/Dzire_6_Pages_Vertical_Web_Brochure_Updated_with_S_CNG.pdf
SMS,vehicleBrochure,JIMNY,Non Tour,,https://nexaprod2.azureedge.net/-/media/feature/nexawebsitecarbrand/rocky/jimny-brochure.pdf,TRUE,https://www.nexaexperience.com/pdf-viewer?pdf=%2Fcontent%2Fdam%2Fmsil%2Fnexa%2Fin%2Fen%2Fassets%2Fcars%2Fjimny%2Fdocuments%2FNEXA-Jimny-Brochure.pdf
SMS,vehicleBrochure,GRAND VITARA,Non Tour,,https://nexaprod4.azureedge.net/-/media/feature/nexawebsiteherobanner/brochure/grand-vitara_brochure.pdf,TRUE,https://www.nexaexperience.com/pdf-viewer?pdf=%2Fcontent%2Fdam%2Fmsil%2Fnexa%2Fin%2Fen%2Fassets%2Fcars%2Fgrand-vitara%2Fsigma%2Fdocuments%2FNEXA-Grand-Vitara-Brochure.pdf
SMS,vehicleBrochure,INVICTO,Non Tour,,https://nexaprod4.azureedge.net/-/media/feature/nexawebsitecarbrand/invicto/invicto-brochure_invicto-pdf.pdf,TRUE,https://www.nexaexperience.com/pdf-viewer?pdf=%2Fcontent%2Fdam%2Fmsil%2Fnexa%2Fin%2Fen%2Fassets%2Fcars%2Finvicto%2Fdocuments%2FNEXA-Invicto-Brochure-old.pdf
SMS,vehicleBrochure,XL6,Non Tour,,https://nexaprod2.azureedge.net/-/media/feature/nexawebsiteherobanner/brochure/xl6-brochure-for-digital.pdf,TRUE,
SMS,vehicleBrochure,BALENO,Non Tour,NEW BALENO,https://nexaprod1.azureedge.net/-/media/feature/nexawebsiteherobanner/brochure/the-new-age-baleno_new_brochure.pdf,TRUE,https://www.nexaexperience.com/pdf-viewer?pdf=%2Fcontent%2Fdam%2Fmsil%2Fnexa%2Fin%2Fen%2Fassets%2Fcars%2Fbaleno%2Fdocuments%2FNEXA-Baleno-Brochure.pdf
SMS,vehicleBrochure,IGNIS,Non Tour,,https://nexaprod4.azureedge.net/-/media/feature/nexawebsiteherobanner/brochure/ignis-brochure.pdf,TRUE,https://www.nexaexperience.com/pdf-viewer?pdf=%2Fcontent%2Fdam%2Fmsil%2Fnexa%2Fin%2Fen%2Fassets%2Fcars%2Fignis%2Fdocuments%2FNexa-Ignis-Brochure.pdf
SMS,vehicleBooking,,Non Tour,,https://www.nexaexperience.com/e-booking?login=0%26utm_source=crm%26utm_medium=sms%26utm_content=ebook%26utm_campaign=callcentre_tollfree_crm,TRUE,Nexa
SMS,vehicleBooking,,Non Tour,,https://www.marutisuzuki.com/channels/arena/service/ebook-car?utm_source=crm%26utm_medium=sms%26utm_content=ebook%26utm_campaign=callcentre_tollfree_crm,TRUE,Arena
SMS,testDriveBooking,,Non Tour,,https://www.nexaexperience.com/book-test-drive?utm_source=crm%26utm_medium=sms%26utm_content=btd%26utm_campaign=callcentre_tollfree_crm\n,TRUE,Nexa
SMS,showRoomVisit,,Non Tour,,https://www.marutisuzuki.com/book-showroom-visit?utm_source=crm%26utm_medium=sms%26utm_content=bs%26utm_campaign=callcentre_tollfree_crm,TRUE,Arena
SMS,showRoomVisit,,Non Tour,,https://www.nexaexperience.com/book-showroom-visit?utm_source=crm%26utm_medium=sms%26utm_content=bs%26utm_campaign=callcentre_tollfree_crm,TRUE,Nexa
SMS,testDriveBooking,,Non Tour,,https://www.marutisuzuki.com/book-a-test-drive?utm_source=crm%26utm_medium=sms%26utm_content=btd%26utm_campaign=callcentre_tollfree_crm\n,TRUE,Arena
SMS,vehicleBrochure,DZIRE,Tour,NEW SWIFT DZIRE,https://static.marutisuzukicommercial.com/-/media/msilcommercial/images/tours/document/dzire-tour-s---commercial-leaflet_digital.pdf?_gl=1*113vm3b*_ga*MjA1NDIyNDg0NS4xNzAxMTU1ODM5*_ga_M8CBMSMWSG*MTcxNTY4NTA1My4xMi4xLjE3MTU2ODUwNzcuMzYuMC4w,TRUE,https://static.marutisuzukicommercial.com/-/media/msilcommercial/images/tours/document/dzire-tour-s---commercial-leaflet_digital.pdf?_gl=1*113vm3b*_ga*MjA1NDIyNDg0NS4xNzAxMTU1ODM5*_ga_M8CBMSMWSG*MTcxNTY4NTA1My4xMi4xLjE3MTU2ODUwNzcuMzYuMC4w
SMS,vehicleBrochure,CIAZ,Non Tour,,https://nexaprod4.azureedge.net/-/media/feature/nexawebsiteherobanner/brochure/all_new_ciaz-brochure.pdf,TRUE,-
SMS,vehicleBrochure,DZIRE,Tour,SWIFT DZIRE,https://static.marutisuzukicommercial.com/-/media/msilcommercial/images/tours/document/dzire-tour-s---commercial-leaflet_digital.pdf?_gl=1*113vm3b*_ga*MjA1NDIyNDg0NS4xNzAxMTU1ODM5*_ga_M8CBMSMWSG*MTcxNTY4NTA1My4xMi4xLjE3MTU2ODUwNzcuMzYuMC4w,TRUE,https://static.marutisuzukicommercial.com/-/media/msilcommercial/images/tours/document/dzire-tour-s---commercial-leaflet_digital.pdf?_gl=1*113vm3b*_ga*MjA1NDIyNDg0NS4xNzAxMTU1ODM5*_ga_M8CBMSMWSG*MTcxNTY4NTA1My4xMi4xLjE3MTU2ODUwNzcuMzYuMC4w
SMS,vehicleBrochure,FRONX,Tour,,https://nexaprod5.azureedge.net/-/media/feature/nexawebsitecarbrand/flash/fronx-brochurenew.pdf#element_submenu,TRUE,
SMS,vehicleBrochure,DZIRE (DI),Tour,,https://marutistoragenew.blob.core.windows.net/msilintiwebpdf/Dzire_6_Pages_Vertical_Web_Brochure_Updated_with_S_CNG.pdf,TRUE,https://marutistoragenew.blob.core.windows.net/msilintiwebpdf/Dzire_6_Pages_Vertical_Web_Brochure_Updated_with_S_CNG.pdf
SMS,vehicleBrochure,DZIRE (DI),Non Tour,,https://marutistoragenew.blob.core.windows.net/msilintiwebpdf/Dzire_6_Pages_Vertical_Web_Brochure_Updated_with_S_CNG.pdf,TRUE,https://marutistoragenew.blob.core.windows.net/msilintiwebpdf/Dzire_6_Pages_Vertical_Web_Brochure_Updated_with_S_CNG.pdf
SMS,vehicleBrochure,DZIRE (DR),Tour,,https://static.marutisuzukicommercial.com/-/media/msilcommercial/images/tour-m/document/tourm_leaflet.pdf?_gl=1*bj3t30*_ga*MTk2MDQ3MTUyNC4xNjk1MzYyMzgz*_ga_M8CBMSMWSG*MTcxNDc0Mzk0Ni43LjEuMTcxNDc0NDE2My4zNS4wLjA.,TRUE,https://static.marutisuzukicommercial.com/-/media/msilcommercial/images/tour-m/document/tourm_leaflet.pdf?_gl=1*bj3t30*_ga*MTk2MDQ3MTUyNC4xNjk1MzYyMzgz*_ga_M8CBMSMWSG*MTcxNDc0Mzk0Ni43LjEuMTcxNDc0NDE2My4zNS4wLjA.
SMS,vehicleBrochure,DZIRE (DR),Non Tour,,https://static.marutisuzukicommercial.com/-/media/msilcommercial/images/tour-m/document/tourm_leaflet.pdf?_gl=1*bj3t30*_ga*MTk2MDQ3MTUyNC4xNjk1MzYyMzgz*_ga_M8CBMSMWSG*MTcxNDc0Mzk0Ni43LjEuMTcxNDc0NDE2My4zNS4wLjA.,TRUE,https://static.marutisuzukicommercial.com/-/media/msilcommercial/images/tour-m/document/tourm_leaflet.pdf?_gl=1*bj3t30*_ga*MTk2MDQ3MTUyNC4xNjk1MzYyMzgz*_ga_M8CBMSMWSG*MTcxNDc0Mzk0Ni43LjEuMTcxNDc0NDE2My4zNS4wLjA.
SMS,vehicleBrochure,DAZZLING NEW DZIRE,Non Tour,DAZZLING NEW DZIRE,https://marutistoragenew.blob.core.windows.net/msilintiwebpdf/Dzire-Product-Brochure.pdf,TRUE,https://www.marutisuzuki.com/arena/pdf-viewer?pdf=/content/dam/msil/arena/in/en/assets/cars/dzire/documents/Arena-Dzire-Brochure.pdf
SMS,vehicleBrochure,DAZZLING NEW DZIRE,Tour,DAZZLING NEW DZIRE,https://marutistoragenew.blob.core.windows.net/msilintiwebpdf/Dzire-Product-Brochure.pdf,TRUE,https://az-ci-afde-prd-arena-03-efddeyfchzf9akbb.z01.azurefd.net/msilintiwebpdfcopyfromdefault/Tour_S_Leaflet.pdf
SMS,vehicleBrochure,SUPER CARRY,Tour,,https://www.marutisuzukicommercial.com/content/dam/msil/commercial/in/en/assets/documents/ESPSuperCarryLeafletA4-Eng.pdf,TRUE,https://www.marutisuzukicommercial.com/content/dam/msil/commercial/in/en/assets/documents/ESPSuperCarryLeafletA4-Eng.pdf
SMS,vehicleBrochure,SUPER CARRY,Non Tour,,https://www.marutisuzukicommercial.com/content/dam/msil/commercial/in/en/assets/documents/ESPSuperCarryLeafletA4-Eng.pdf,TRUE,https://www.marutisuzukicommercial.com/content/dam/msil/commercial/in/en/assets/documents/ESPSuperCarryLeafletA4-Eng.pdf
SMS,vehicleBrochure,VICTORIS,Tour,VICTORIS,https://www.marutisuzuki.com/content/dam/msil/arena/in/en/assets/cars/victoris/documents/Arena-Victoris-Brochure.pdf,TRUE,https://www.marutisuzuki.com/content/dam/msil/arena/in/en/assets/cars/victoris/documents/Arena-Victoris-Brochure.pdf
SMS,vehicleBrochure,VICTORIS,Non Tour,VICTORIS,https://www.marutisuzuki.com/content/dam/msil/arena/in/en/assets/cars/victoris/documents/Arena-Victoris-Brochure.pdf,TRUE,https://www.marutisuzuki.com/content/dam/msil/arena/in/en/assets/cars/victoris/documents/Arena-Victoris-Brochure.pdf
SMS,vehicleBrochure,THE EPIC SWIFT,Non Tour,THE EPIC SWIFT,https://marutistoragenew.blob.core.windows.net/msilintiwebpdf/Swift_Vertical_Brochure_final_highres.pdf,TRUE,
SMS,vehicleBrochure,THE EPIC SWIFT,Tour,THE EPIC SWIFT,https://marutistoragenew.blob.core.windows.net/msilintiwebpdf/Swift_Vertical_Brochure_final_highres.pdf,TRUE,
SMS,vehicleBrochure,EPIC NEW SWIFT,Non Tour,THE EPIC SWIFT,https://marutistoragenew.blob.core.windows.net/msilintiwebpdf/Swift_Vertical_Brochure_final_highres.pdf,TRUE,https://az-ci-afde-prd-arena-03-efddeyfchzf9akbb.z01.azurefd.net/msilintiwebpdfcopyfromdefault/Swift_Vertical_Brochure_final_highres.pdf
SMS,vehicleBrochure,EPIC NEW SWIFT,Tour,THE EPIC SWIFT,https://marutistoragenew.blob.core.windows.net/msilintiwebpdf/Swift_Vertical_Brochure_final_highres.pdf,TRUE,
SMS,vehicleBrochure,E VITARA,Non Tour,E VITARA,https://www.nexaexperience.com/content/dam/msil/ev/in/en/assets/cars/e-vitara/brochure/eVITARA_Brochure.pdf,TRUE,https://www.nexaexperience.com/pdf-viewer?pdf=/content/dam/msil/ev/in/en/assets/cars/e-vitara/brochure/NEXA-eVITARA-Brochure-Desktop.pdf
SMS,vehicleBrochure,E VITARA,Tour,E VITARA,https://www.nexaexperience.com/content/dam/msil/ev/in/en/assets/cars/e-vitara/brochure/eVITARA_Brochure.pdf,TRUE,
